name,id,maxLevel,iconUrl
Knight,26000000,13,https://api-assets.clashroyale.com/cards/300/jAj1Q5rclXxU9kVImGqSJxa4wEMfEhvwNQ_4jiGUuqg.png
Archers,26000001,13,https://api-assets.clashroyale.com/cards/300/W4Hmp8MTSdXANN8KdblbtHwtsbt0o749BbxNqmJYfA8.png
Goblins,26000002,13,https://api-assets.clashroyale.com/cards/300/X_DQUye_OaS3QN6VC9CPw05Fit7wvSm3XegXIXKP--0.png
Giant,26000003,11,https://api-assets.clashroyale.com/cards/300/Axr4ox5_b7edmLsoHxBX3vmgijAIibuF6RImTbqLlXE.png
P.E.K.K.A,26000004,8,https://api-assets.clashroyale.com/cards/300/MlArURKhn_zWAZY-Xj1qIRKLVKquarG25BXDjUQajNs.png
Minions,26000005,13,https://api-assets.clashroyale.com/cards/300/yHGpoEnmUWPGV_hBbhn-Kk-Bs838OjGzWzJJlQpQKQA.png
Balloon,26000006,8,https://api-assets.clashroyale.com/cards/300/qBipxLo-3hhCnPrApp2Nn3b2NgrSrvwzWytvREev0CY.png
Witch,26000007,8,https://api-assets.clashroyale.com/cards/300/cfwk1vzehVyHC-uloEIH6NOI0hOdofCutR5PyhIgO6w.png
Barbarians,26000008,13,https://api-assets.clashroyale.com/cards/300/TvJsuu2S4yhyk1jVYUAQwdKOnW4U77KuWWOTPOWnwfI.png
Golem,26000009,8,https://api-assets.clashroyale.com/cards/300/npdmCnET7jmVjJvjJQkFnNSNnDxYHDBigbvIAloFMds.png
Skeletons,26000010,13,https://api-assets.clashroyale.com/cards/300/oO7iKMU5m0cdxhYPZA3nWQiAUh2yoGgdThLWB1rVSec.png
Valkyrie,26000011,11,https://api-assets.clashroyale.com/cards/300/0lIoYf3Y_plFTzo95zZL93JVxpfb3MMgFDDhgSDGU9A.png
Skeleton Army,26000012,8,https://api-assets.clashroyale.com/cards/300/fAOToOi1pRy7svN2xQS6mDkhQw2pj9m_17FauaNqyl4.png
Bomber,26000013,13,https://api-assets.clashroyale.com/cards/300/12n1CesxKIcqVYntjxcF36EFA-ONw7Z-DoL0_rQrbdo.png
Musketeer,26000014,11,https://api-assets.clashroyale.com/cards/300/Tex1C48UTq9FKtAX-3tzG0FJmc9jzncUZG3bb5Vf-Ds.png
Baby Dragon,26000015,8,https://api-assets.clashroyale.com/cards/300/cjC9n4AvEZJ3urkVh-rwBkJ-aRSsydIMqSAV48hAih0.png
Prince,26000016,8,https://api-assets.clashroyale.com/cards/300/3JntJV62aY0G1Qh6LIs-ek-0ayeYFY3VItpG7cb9I60.png
Wizard,26000017,11,https://api-assets.clashroyale.com/cards/300/Mej7vnv4H_3p_8qPs_N6_GKahy6HDr7pU7i9eTHS84U.png
Mini P.E.K.K.A,26000018,11,https://api-assets.clashroyale.com/cards/300/Fmltc4j3Ve9vO_xhHHPEO3PRP3SmU2oKp2zkZQHRZT4.png
Spear Goblins,26000019,13,https://api-assets.clashroyale.com/cards/300/FSDFotjaXidI4ku_WFpVCTWS1hKGnFh1sxX0lxM43_E.png
Giant Skeleton,26000020,8,https://api-assets.clashroyale.com/cards/300/0p0gd0XaVRu1Hb1iSG1hTYbz2AN6aEiZnhaAib5O8Z8.png
Hog Rider,26000021,11,https://api-assets.clashroyale.com/cards/300/Ubu0oUl8tZkusnkZf8Xv9Vno5IO29Y-jbZ4fhoNJ5oc.png
Minion Horde,26000022,13,https://api-assets.clashroyale.com/cards/300/Wyjq5l0IXHTkX9Rmpap6HaH08MvjbxFp1xBO9a47YSI.png
Ice Wizard,26000023,5,https://api-assets.clashroyale.com/cards/300/W3dkw0HTw9n1jB-zbknY2w3wHuyuLxSRIAV5fUT1SEY.png
Royal Giant,26000024,13,https://api-assets.clashroyale.com/cards/300/mnlRaNtmfpQx2e6mp70sLd0ND-pKPF70Cf87_agEKg4.png
Guards,26000025,8,https://api-assets.clashroyale.com/cards/300/1ArKfLJxYo6_NU_S9cAeIrfbXqWH0oULVJXedxBXQlU.png
Princess,26000026,5,https://api-assets.clashroyale.com/cards/300/bAwMcqp9EKVIKH3ZLm_m0MqZFSG72zG-vKxpx8aKoVs.png
Dark Prince,26000027,8,https://api-assets.clashroyale.com/cards/300/M7fXlrKXHu2IvpSGpk36kXVstslbR08Bbxcy0jQcln8.png
Three Musketeers,26000028,11,https://api-assets.clashroyale.com/cards/300/_J2GhbkX3vswaFk1wG-dopwiHyNc_YiPhwroiKF3Mek.png
Lava Hound,26000029,5,https://api-assets.clashroyale.com/cards/300/unicRQ975sBY2oLtfgZbAI56ZvaWz7azj-vXTLxc0r8.png
Ice Spirit,26000030,13,https://api-assets.clashroyale.com/cards/300/lv1budiafU9XmSdrDkk0NYyqASAFYyZ06CPysXKZXlA.png
Fire Spirits,26000031,13,https://api-assets.clashroyale.com/cards/300/16-BqusVvynIgYI8_Jci3LDC-r8AI_xaIYLgXqtlmS8.png
Miner,26000032,5,https://api-assets.clashroyale.com/cards/300/Y4yWvdwBCg2FpAZgs8T09Gy34WOwpLZW-ttL52Ae8NE.png
Sparky,26000033,5,https://api-assets.clashroyale.com/cards/300/2GKMkBrArZXgQxf2ygFjDs4VvGYPbx8F6Lj_68iVhIM.png
Bowler,26000034,8,https://api-assets.clashroyale.com/cards/300/SU4qFXmbQXWjvASxVI6z9IJuTYolx4A0MKK90sTIE88.png
Lumberjack,26000035,5,https://api-assets.clashroyale.com/cards/300/E6RWrnCuk13xMX5OE1EQtLEKTZQV6B78d00y8PlXt6Q.png
Battle Ram,26000036,11,https://api-assets.clashroyale.com/cards/300/dyc50V2cplKi4H7pq1B3I36pl_sEH5DQrNHboS_dbbM.png
Inferno Dragon,26000037,5,https://api-assets.clashroyale.com/cards/300/y5HDbKtTbWG6En6TGWU0xoVIGs1-iQpIP4HC-VM7u8A.png
Ice Golem,26000038,11,https://api-assets.clashroyale.com/cards/300/r05cmpwV1o7i7FHodtZwW3fmjbXCW34IJCsDEV5cZC4.png
Mega Minion,26000039,11,https://api-assets.clashroyale.com/cards/300/-T_e4YLbuhPBKbYnBwQfXgynNpp5eOIN_0RracYwL9c.png
Dart Goblin,26000040,11,https://api-assets.clashroyale.com/cards/300/BmpK3bqEAviflqHCdxxnfm-_l3pRPJw3qxHkwS55nCY.png
Goblin Gang,26000041,13,https://api-assets.clashroyale.com/cards/300/NHflxzVAQT4oAz7eDfdueqpictb5vrWezn1nuqFhE4w.png
Electro Wizard,26000042,5,https://api-assets.clashroyale.com/cards/300/RsFaHgB3w6vXsTjXdPr3x8l_GbV9TbOUCvIx07prbrQ.png
Elite Barbarians,26000043,13,https://api-assets.clashroyale.com/cards/300/C88C5JH_F3lLZj6K-tLcMo5DPjrFmvzIb1R2M6xCfTE.png
Hunter,26000044,8,https://api-assets.clashroyale.com/cards/300/VNabB1WKnYtYRSG7X_FZfnZjQDHTBs9A96OGMFmecrA.png
Executioner,26000045,8,https://api-assets.clashroyale.com/cards/300/9XL5BP2mqzV8kza6KF8rOxrpCZTyuGLp2l413DTjEoM.png
Bandit,26000046,5,https://api-assets.clashroyale.com/cards/300/QWDdXMKJNpv0go-HYaWQWP6p8uIOHjqn-zX7G0p3DyM.png
Royal Recruits,26000047,13,https://api-assets.clashroyale.com/cards/300/jcNyYGUiXXNz3kuz8NBkHNKNREQKraXlb_Ts7rhCIdM.png
Night Witch,26000048,5,https://api-assets.clashroyale.com/cards/300/NpCrXDEDBBJgNv9QrBAcJmmMFbS7pe3KCY8xJ5VB18A.png
Bats,26000049,13,https://api-assets.clashroyale.com/cards/300/EnIcvO21hxiNpoI-zO6MDjLmzwPbq8Z4JPo2OKoVUjU.png
Royal Ghost,26000050,5,https://api-assets.clashroyale.com/cards/300/3En2cz0ISQAaMTHY3hj3rTveFN2kJYq-H4VxvdJNvCM.png
Ram Rider,26000051,5,https://api-assets.clashroyale.com/cards/300/QaJyerT7f7oMyZ3Fv1glKymtLSvx7YUXisAulxl7zRI.png
Zappies,26000052,11,https://api-assets.clashroyale.com/cards/300/QZfHRpLRmutZbCr5fpLnTpIp89vLI6NrAwzGZ8tHEc4.png
Rascals,26000053,13,https://api-assets.clashroyale.com/cards/300/KV48DfwVHKx9XCjzBdk3daT_Eb52Me4VgjVO7WctRc4.png
Cannon Cart,26000054,8,https://api-assets.clashroyale.com/cards/300/aqwxRz8HXzqlMCO4WMXNA1txynjXTsLinknqsgZLbok.png
Mega Knight,26000055,5,https://api-assets.clashroyale.com/cards/300/O2NycChSNhn_UK9nqBXUhhC_lILkiANzPuJjtjoz0CE.png
Skeleton Barrel,26000056,13,https://api-assets.clashroyale.com/cards/300/vCB4DWCcrGbTkarjcOiVz4aNDx6GWLm0yUepg9E1MGo.png
Flying Machine,26000057,11,https://api-assets.clashroyale.com/cards/300/hzKNE3QwFcrSrDDRuVW3QY_OnrDPijSiIp-PsWgFevE.png
Wall Breakers,26000058,8,https://api-assets.clashroyale.com/cards/300/_xPphEfC8eEwFNrfU3cMQG9-f5JaLQ31ARCA7l3XtW4.png
Royal Hogs,26000059,11,https://api-assets.clashroyale.com/cards/300/ASSQJG_MoVq9e81HZzo4bynMnyLNpNJMfSLb3hqydOw.png
Goblin Giant,26000060,8,https://api-assets.clashroyale.com/cards/300/SoW16cY3jXBwaTDvb39DkqiVsoFVaDWbzf5QBYphJrY.png
Fisherman,26000061,5,https://api-assets.clashroyale.com/cards/300/U2KZ3g0wyufcuA5P2Xrn3Z3lr1WiJmc5S0IWOZHgizQ.png
Magic Archer,26000062,5,https://api-assets.clashroyale.com/cards/300/Avli3W7BxU9HQ2SoLiXnBgGx25FoNXUSFm7OcAk68ek.png
Electro Dragon,26000063,8,https://api-assets.clashroyale.com/cards/300/tN9h6lnMNPCNsx0LMFmvpHgznbDZ1fBRkx-C7UfNmfY.png
Firecracker,26000064,13,https://api-assets.clashroyale.com/cards/300/c1rL3LO1U2D9-TkeFfAC18gP3AO8ztSwrcHMZplwL2Q.png
Elixir Golem,26000067,11,https://api-assets.clashroyale.com/cards/300/puhMsZjCIqy21HW3hYxjrk_xt8NIPyFqjRy-BeLKZwo.png
Battle Healer,26000068,11,https://api-assets.clashroyale.com/cards/300/KdwXcoigS2Kg-cgA7BJJIANbUJG6SNgjetRQ-MegZ08.png
Skeleton Dragons,26000080,13,https://api-assets.clashroyale.com/cards/300/qPOtg9uONh47_NLxGhhFc_ww9PlZ6z3Ry507q1NZUXs.png
Cannon,27000000,13,https://api-assets.clashroyale.com/cards/300/nZK1y-beLxO5vnlyUhK6-2zH2NzXJwqykcosqQ1cmZ8.png
Goblin Hut,27000001,11,https://api-assets.clashroyale.com/cards/300/l8ZdzzNLcwB4u7ihGgxNFQOjCT_njFuAhZr7D6PRF7E.png
Mortar,27000002,13,https://api-assets.clashroyale.com/cards/300/lPOSw6H7YOHq2miSCrf7ZDL3ANjhJdPPDYOTujdNrVE.png
Inferno Tower,27000003,11,https://api-assets.clashroyale.com/cards/300/GSHY_wrooMMLET6bG_WJB8redtwx66c4i80ipi4gYOM.png
Bomb Tower,27000004,11,https://api-assets.clashroyale.com/cards/300/rirYRyHPc97emRjoH-c1O8uZCBzPVnToaGuNGusF3TQ.png
Barbarian Hut,27000005,11,https://api-assets.clashroyale.com/cards/300/ho0nOG2y3Ch86elHHcocQs8Fv_QNe0cFJ2CijsxABZA.png
Tesla,27000006,13,https://api-assets.clashroyale.com/cards/300/OiwnGrxFMNiHetYEerE-UZt0L_uYNzFY7qV_CA_OxR4.png
Elixir Collector,27000007,11,https://api-assets.clashroyale.com/cards/300/BGLo3Grsp81c72EpxLLk-Sofk3VY56zahnUNOv3JcT0.png
X-Bow,27000008,8,https://api-assets.clashroyale.com/cards/300/zVQ9Hme1hlj9Dc6e1ORl9xWwglcSrP7ejow5mAhLUJc.png
Tombstone,27000009,11,https://api-assets.clashroyale.com/cards/300/LjSfSbwQfkZuRJY4pVxKspZ-a0iM5KAhU8w-a_N5Z7Y.png
Furnace,27000010,11,https://api-assets.clashroyale.com/cards/300/iqbDiG7yYRIzvCPXdt9zPb3IvMt7F7Gi4wIPnh2x4aI.png
Goblin Cage,27000012,11,https://api-assets.clashroyale.com/cards/300/vD24bBgK4rSq7wx5QEbuqChtPMRFviL_ep76GwQw1yA.png
Fireball,28000000,11,https://api-assets.clashroyale.com/cards/300/lZD9MILQv7O-P3XBr_xOLS5idwuz3_7Ws9G60U36yhc.png
Arrows,28000001,13,https://api-assets.clashroyale.com/cards/300/Flsoci-Y6y8ZFVi5uRFTmgkPnCmMyMVrU7YmmuPvSBo.png
Rage,28000002,8,https://api-assets.clashroyale.com/cards/300/bGP21OOmcpHMJ5ZA79bHVV2D-NzPtDkvBskCNJb7pg0.png
Rocket,28000003,11,https://api-assets.clashroyale.com/cards/300/Ie07nQNK9CjhKOa4-arFAewi4EroqaA-86Xo7r5tx94.png
Goblin Barrel,28000004,8,https://api-assets.clashroyale.com/cards/300/CoZdp5PpsTH858l212lAMeJxVJ0zxv9V-f5xC8Bvj5g.png
Freeze,28000005,8,https://api-assets.clashroyale.com/cards/300/I1M20_Zs_p_BS1NaNIVQjuMJkYI_1-ePtwYZahn0JXQ.png
Mirror,28000006,8,https://api-assets.clashroyale.com/cards/300/wC6Cm9rKLEOk72zTsukVwxewKIoO4ZcMJun54zCPWvA.png
Lightning,28000007,8,https://api-assets.clashroyale.com/cards/300/fpnESbYqe5GyZmaVVYe-SEu7tE0Kxh_HZyVigzvLjks.png
Zap,28000008,13,https://api-assets.clashroyale.com/cards/300/7dxh2-yCBy1x44GrBaL29vjqnEEeJXHEAlsi5g6D1eY.png
Poison,28000009,8,https://api-assets.clashroyale.com/cards/300/98HDkG2189yOULcVG9jz2QbJKtfuhH21DIrIjkOjxI8.png
Graveyard,28000010,5,https://api-assets.clashroyale.com/cards/300/Icp8BIyyfBTj1ncCJS7mb82SY7TPV-MAE-J2L2R48DI.png
The Log,28000011,5,https://api-assets.clashroyale.com/cards/300/_iDwuDLexHPFZ_x4_a0eP-rxCS6vwWgTs6DLauwwoaY.png
Tornado,28000012,8,https://api-assets.clashroyale.com/cards/300/QJB-QK1QJHdw4hjpAwVSyZBozc2ZWAR9pQ-SMUyKaT0.png
Clone,28000013,8,https://api-assets.clashroyale.com/cards/300/mHVCet-1TkwWq-pxVIU2ZWY9_2z7Z7wtP25ArEUsP_g.png
Earthquake,28000014,11,https://api-assets.clashroyale.com/cards/300/XeQXcrUu59C52DslyZVwCnbi4yamID-WxfVZLShgZmE.png
Barbarian Barrel,28000015,8,https://api-assets.clashroyale.com/cards/300/Gb0G1yNy0i5cIGUHin8uoFWxqntNtRPhY_jeMXg7HnA.png
Heal Spirit,28000016,11,https://api-assets.clashroyale.com/cards/300/GITl06sa2nGRLPvboyXbGEv5E3I-wAwn1Eqa5esggbc.png
Giant Snowball,28000017,13,https://api-assets.clashroyale.com/cards/300/7MaJLa6hK9WN2_VIshuh5DIDfGwm0wEv98gXtAxLDPs.png
Royal Delivery,28000018,13,https://api-assets.clashroyale.com/cards/300/LPg7AGjGI3_xmi7gLLgGC50yKM1jJ2teWkZfoHJcIZo.png
